-- phpMyAdmin SQL Dump
-- version 5.2.0
-- https://www.phpmyadmin.net/
--
-- Хост: 127.0.0.1:3306
-- Время создания: Май 03 2023 г., 02:04
-- Версия сервера: 8.0.30
-- Версия PHP: 7.2.34

SET SQL_MODE = "NO_AUTO_VALUE_ON_ZERO";
START TRANSACTION;
SET time_zone = "+00:00";


/*!40101 SET @OLD_CHARACTER_SET_CLIENT=@@CHARACTER_SET_CLIENT */;
/*!40101 SET @OLD_CHARACTER_SET_RESULTS=@@CHARACTER_SET_RESULTS */;
/*!40101 SET @OLD_COLLATION_CONNECTION=@@COLLATION_CONNECTION */;
/*!40101 SET NAMES utf8mb4 */;

--
-- База данных: `CryptoEye`
--

-- --------------------------------------------------------

--
-- Структура таблицы `Admins`
--

CREATE TABLE `Admins` (
  `id` int NOT NULL,
  `login` varchar(30) NOT NULL,
  `password_hash` longtext NOT NULL
) ENGINE=InnoDB DEFAULT CHARSET=utf8mb4 COLLATE=utf8mb4_0900_ai_ci;

-- --------------------------------------------------------

--
-- Структура таблицы `AES_data`
--

CREATE TABLE `AES_data` (
  `id` int NOT NULL,
  `user_id` int NOT NULL,
  `aes_key` longtext NOT NULL,
  `aes_iv` longtext NOT NULL
) ENGINE=InnoDB DEFAULT CHARSET=utf8mb4 COLLATE=utf8mb4_0900_ai_ci;

--
-- Дамп данных таблицы `AES_data`
--

INSERT INTO `AES_data` (`id`, `user_id`, `aes_key`, `aes_iv`) VALUES
(1, 9, ' de39f393052e530018e4447c53195401e42fdc8c86613c36e550c741848a347fced2ec18e852a17f', '2dEqrP3E1ftQyyFKmcMEPw=='),
(24, 9, '976ce673a1a4058cf361339ec2d739244705f3e095e2c01720e1a8a96e53a5b03058b20c7a3fcb18', 'XI+TVkorBO8QhNQXiXwdBA=='),
(25, 36, '498d746c55d545d10c46cea17614b3f722fb069381e361951685f05279b75bee7c2aa43a03121063', 'ud2OWxrpCfDnUEULG28Qbw=='),
(26, 9, '60c511e90a6395504740b782cc4ec5cf91a6d87f6ff4143e4528941283e937dd52f800d63f0ca39e', 'C28ck70cPFQ4MG5ixCXkyw=='),
(27, 9, '', ''),
(28, 9, '60c511e90a6395504740b782cc4ec5cf91a6d87f6ff4143e4528941283e937dd52f800d63f0ca39e', 'C28ck70cPFQ4MG5ixCXkyw=='),
(29, 9, '60c511e90a6395504740b782cc4ec5cf91a6d87f6ff4143e4528941283e937dd52f800d63f0ca39e', 'C28ck70cPFQ4MG5ixCXkyw=='),
(30, 9, '60c511e90a6395504740b782cc4ec5cf91a6d87f6ff4143e4528941283e937dd52f800d63f0ca39e', 'C28ck70cPFQ4MG5ixCXkyw=='),
(31, 9, '60c511e90a6395504740b782cc4ec5cf91a6d87f6ff4143e4528941283e937dd52f800d63f0ca39e', 'C28ck70cPFQ4MG5ixCXkyw=='),
(32, 9, '60c511e90a6395504740b782cc4ec5cf91a6d87f6ff4143e4528941283e937dd52f800d63f0ca39e', 'C28ck70cPFQ4MG5ixCXkyw=='),
(33, 37, '0d5a5cdb8b449ded4e5a19e926cb980d009d49456e186af983bdc492059353664e458496171ff06e', '1kX4zlp5164NlJjYi05thQ==');

-- --------------------------------------------------------

--
-- Структура таблицы `RSA_keys`
--

CREATE TABLE `RSA_keys` (
  `id` int NOT NULL,
  `user_id` int NOT NULL,
  `public_key` longtext,
  `private_key` longtext
) ENGINE=InnoDB DEFAULT CHARSET=utf8mb4 COLLATE=utf8mb4_0900_ai_ci;

--
-- Дамп данных таблицы `RSA_keys`
--

INSERT INTO `RSA_keys` (`id`, `user_id`, `public_key`, `private_key`) VALUES
(8, 9, '-----BEGIN PUBLIC KEY-----\nMIICIjANBgkqhkiG9w0BAQEFAAOCAg8AMIICCgKCAgEAqxwy5yjTUAbTOhQS56rM\ncOI36T3ShRVQ/zwErM/6WMQ2kf13zKm/mmCLPMFwkC3GHYxlKlNsDXZ0QbWR8wEm\nwGiRL6TAzmKXb4n8JA08ALU2KXaPrD3gszN2ELfppKaFBacaw8LvFIkce3IriJdM\nb0b9fxWEoGLJbL5AMNbclDFRXayTmtSuFfEI06EqQnyQcjtpWieX1kLYw6P66V0u\n8wlF8Ji1h50X0Sllrm6V0QLx5TcI8aOZBeRUhEN7Aiy9wfGpdG0B9uM1rFehEqSs\n4mfCyHEoV5CEmR3eXC3NVAS9a/NcgewaqLXqPb0JPS7N7vSrSPz4lqlFTijG6LnF\nTc7LkxolfwqkTwrVk0shdRN2SOPgUxvn0Zh+b3Ut3iBLGDXYGY/12BJ+J77l2fti\nIsZCbgralOk+npVmS/NDtM/LqoxAjjiJQpgUhZiRGRBOKDMvJYpDWxuVjhTocd/B\nnt+dVQ+C2SbPfaGNsKETHH2VuTccR/+1Cme0ExW+K4WnoTtO3PyCH9SoIjyoS0dg\ns6IUEsQwG62OZvcPSGphqsLmS5dvc/y1LpZDOr7uL8mF3ZoX+ITQvCnjBD5vlmdC\ng0AXc2ndIZOwjMhBwXECu6RNujLyF+T++Q49vAzKcMA4/fdVN9AjcDZM3D8QSK5G\nn/ezeX1AcAnTVZeorX2g8iUCAwEAAQ==\n-----END PUBLIC KEY-----\n', '-----BEGIN PRIVATE KEY-----\nMIIJQQIBADANBgkqhkiG9w0BAQEFAASCCSswggknAgEAAoICAQCrHDLnKNNQBtM6\nFBLnqsxw4jfpPdKFFVD/PASsz/pYxDaR/XfMqb+aYIs8wXCQLcYdjGUqU2wNdnRB\ntZHzASbAaJEvpMDOYpdvifwkDTwAtTYpdo+sPeCzM3YQt+mkpoUFpxrDwu8UiRx7\nciuIl0xvRv1/FYSgYslsvkAw1tyUMVFdrJOa1K4V8QjToSpCfJByO2laJ5fWQtjD\no/rpXS7zCUXwmLWHnRfRKWWubpXRAvHlNwjxo5kF5FSEQ3sCLL3B8al0bQH24zWs\nV6ESpKziZ8LIcShXkISZHd5cLc1UBL1r81yB7Bqoteo9vQk9Ls3u9KtI/PiWqUVO\nKMboucVNzsuTGiV/CqRPCtWTSyF1E3ZI4+BTG+fRmH5vdS3eIEsYNdgZj/XYEn4n\nvuXZ+2IixkJuCtqU6T6elWZL80O0z8uqjECOOIlCmBSFmJEZEE4oMy8likNbG5WO\nFOhx38Ge351VD4LZJs99oY2woRMcfZW5NxxH/7UKZ7QTFb4rhaehO07c/IIf1Kgi\nPKhLR2CzohQSxDAbrY5m9w9IamGqwuZLl29z/LUulkM6vu4vyYXdmhf4hNC8KeME\nPm+WZ0KDQBdzad0hk7CMyEHBcQK7pE26MvIX5P75Dj28DMpwwDj991U30CNwNkzc\nPxBIrkaf97N5fUBwCdNVl6itfaDyJQIDAQABAoICAFoTaiiOMU97iE6Wqq0SGLWE\nIPLD/MLaSd1S9xMSGTQJdsC7sgkngxn9oM7G9j6wGg8MDWWOrN8ZcHH253IJNSEs\n6uEt1eHPvPCWrwk7fk7RFkYVh+SgXl13xbtfVbu7fWNQaKKNR9aDp17E523sV+xs\nbp4r8bmMx4RbUudi9JN+stqhMsLbGxmp3X+q49hEQrYf2IIBPckpP3seI8Qdrc17\nIDpb6ZQOeq89H64HwQ5agoSryCWMfc3AOU23SFYIv4wNb6s+hz40tdiX+M8bqXc2\nMC/cgeQ2y9bfBmN4KRMFu8HMRvKOHCqcOUdu8CIpNXeJjXHK2gJV8YoHpU52HQrQ\nQZDUoLyCoE7GR/LDjHlLraQMoGUpPdYQPfO4C0kGrpWysxsccbtC7d+a1Lt5OHc6\niLxQd8+50Jeg84raPBb9FxsoysYuMNf6vZbdhBJFXujLMkMTH2Svx3jtXLqWgovT\n7GqjZjtYehafhAjus1gKqzYeBLI/zzGFTglIs1KYKAZXPtWzekFlRH4DX+oe39zV\n2wYh5C+60RpsJ2elByZdQL7cNeYwaPJI3EQGGwqeTOAWZwwgOIcrokbz7Gv+4NlJ\nxl4fXpd1ZekwHx6p3e4Zf3mw0kgIvSm4EvSxim5YCBueP9GgM7gZLGM3Nn0qstkg\nsxkGDKz+9qM3WUF3evSxAoIBAQDZb9u2UObLEOKPMQUxH1cHu+GaZknKnlbG95bO\nDL/cPx6ukwxpP/GncUGk7gpfqe+DWuLreUCK9DC59cunANu/rHd9xggceoCR20bt\nBfp31t+l78VGFhqIKFID4xR2LY5k5KtECcXL7McgUjRgEcAskOACcz9Bowg5s/OB\nif0Ke62EXjr9plGbO2ZwbuAkcE98mmZppYNYZwkXW8Deyt3E/BoqOECc9lB9Wv91\nFYj//D/CsPapEgFXWRuKcQRu6rQyKE6J6nO4DHKLJhkDpmSSZNjCpjVTp/2hNnWl\npf+r/YS5SK22nQFsBd0KXd2muztJyY7WOG2BnAv0g981X6uXAoIBAQDJdP8kieD4\nz1bx5uoWVV3jjDi66jAwDTPV3C4Pd03rTZE4IkBp9jio5cKgkc81Ox7ZHv8T87cx\ny9ui5yr7Jn5KC0B5I2rTUP16j+bhPppijmOTXm9z6loyZda6k77rsTGlA+LQTfVM\nLsraq/Gm/NvAoCoEtE+eCJ6Q5sGlvauAhkhuF/ulKZfpTSDkjGz0vYytmBi2efYp\nhCuk3BNPhfnd5TxIZ8VbxlPFCfj2kWG1kN7oaoVDJjuEywKgy5u18KLHxTwpX7Ts\nEwB12yt2UewacjirXLU44YuT/qlqYlPp8rpJNpk8qFsqDgkugre3forpe244dNP+\npYHeS3lrGPejAoIBAFuj5kDXpf2ttx7MdTi30bFDwRiWxcDsrPwce2WKQA5uV9sR\nxKhTN+DvPdBqNtsMvxJoarz9lHM76ZFmg5d2KCeHY7ERlneSNb/DYAgjfeWmHQpN\nnKImTLZX8AENYqFQH/Rr37bEO6XvvBjmLIbU1F60DIVb1ywtrxjKu/U7l/ckGwRv\nxoMC5t/6z/jQ8gzJfOayGDmsdUf73PwIQqhjbcZIzio/HRRKR7Adew74rY3d3W2L\nsdmd6gzLVG0rpsesiZeeH0PHGVBXhqsYunAsX7THZgfbjxwb8CxSzJCs/q2ZIqgI\ndpZBY8kIS5nD59gOjzVRCq9EhvqaLvu13IwdLy8CggEAePQZzCJMRJaYKRzvJwGS\nIXCrDu5UiEUk/h34Oajzy3cC3aUS74u5cQ6h0C47LkaUut91XtFRCEDRWflZQPlX\nkbU3vIObO8zAo7mKcWpY3xuGhZCJchselGu4hMT4OCJnICA5Kb/kqxzdBnV93Tir\n5/dBwxlPRB8AtRcW5R//vGbjTdZwbDWQ065PNWlqcXbs470R+V04gqysV4savQA/\niQ59JyvGvtdQrFjUdZXMCGs2qmxqHmryCUSqC0iz8ITN9wtgl6ayxZqTCC/S5HND\nQo2ZoKlE1SX126Fmrkzi/O+TESoKzvR158YNlTM+gpkjZhOJlbPvJFDSrFi8SaTv\n6QKCAQAZ1iDFHyXQ7+Z7PD4ruKtj7RO2VB8FzGYOWgt4vltzMDPXmxzL7/pvTOff\n3dTonkSIXKu3fnArb+JHMAhVakZLXi+d0PM+EhfUEazVHWeewfYRHn6WvSUWqs9d\nIyIpXwwUHnOpnExsPwDNzpcV8g8Zhk109f6zJHSvbIUw3Wa0w1GIQc++4QmZNPma\ndJiknzv2NkUdNbnZLDiDIf1nskYZk0rQx1u8S1w4WmFEr6FvXV+9ndnE/wJC7FPO\nw/iAkJt6prFwWMvdOQqT0ddFyYE8yNSmpe8BKyHXFIzD83fydz7qot4TWC5x0FkL\nEfJUlW4vG5tlDSWTJLobxeYxbfif\n-----END PRIVATE KEY-----\n'),
(9, 9, '-----BEGIN PUBLIC KEY-----\nMIICIjANBgkqhkiG9w0BAQEFAAOCAg8AMIICCgKCAgEAqxwy5yjTUAbTOhQS56rM\ncOI36T3ShRVQ/zwErM/6WMQ2kf13zKm/mmCLPMFwkC3GHYxlKlNsDXZ0QbWR8wEm\nwGiRL6TAzmKXb4n8JA08ALU2KXaPrD3gszN2ELfppKaFBacaw8LvFIkce3IriJdM\nb0b9fxWEoGLJbL5AMNbclDFRXayTmtSuFfEI06EqQnyQcjtpWieX1kLYw6P66V0u\n8wlF8Ji1h50X0Sllrm6V0QLx5TcI8aOZBeRUhEN7Aiy9wfGpdG0B9uM1rFehEqSs\n4mfCyHEoV5CEmR3eXC3NVAS9a/NcgewaqLXqPb0JPS7N7vSrSPz4lqlFTijG6LnF\nTc7LkxolfwqkTwrVk0shdRN2SOPgUxvn0Zh+b3Ut3iBLGDXYGY/12BJ+J77l2fti\nIsZCbgralOk+npVmS/NDtM/LqoxAjjiJQpgUhZiRGRBOKDMvJYpDWxuVjhTocd/B\nnt+dVQ+C2SbPfaGNsKETHH2VuTccR/+1Cme0ExW+K4WnoTtO3PyCH9SoIjyoS0dg\ns6IUEsQwG62OZvcPSGphqsLmS5dvc/y1LpZDOr7uL8mF3ZoX+ITQvCnjBD5vlmdC\ng0AXc2ndIZOwjMhBwXECu6RNujLyF+T++Q49vAzKcMA4/fdVN9AjcDZM3D8QSK5G\nn/ezeX1AcAnTVZeorX2g8iUCAwEAAQ==\n-----END PUBLIC KEY-----\n', '-----BEGIN PRIVATE KEY-----\nMIIJQQIBADANBgkqhkiG9w0BAQEFAASCCSswggknAgEAAoICAQCrHDLnKNNQBtM6\nFBLnqsxw4jfpPdKFFVD/PASsz/pYxDaR/XfMqb+aYIs8wXCQLcYdjGUqU2wNdnRB\ntZHzASbAaJEvpMDOYpdvifwkDTwAtTYpdo+sPeCzM3YQt+mkpoUFpxrDwu8UiRx7\nciuIl0xvRv1/FYSgYslsvkAw1tyUMVFdrJOa1K4V8QjToSpCfJByO2laJ5fWQtjD\no/rpXS7zCUXwmLWHnRfRKWWubpXRAvHlNwjxo5kF5FSEQ3sCLL3B8al0bQH24zWs\nV6ESpKziZ8LIcShXkISZHd5cLc1UBL1r81yB7Bqoteo9vQk9Ls3u9KtI/PiWqUVO\nKMboucVNzsuTGiV/CqRPCtWTSyF1E3ZI4+BTG+fRmH5vdS3eIEsYNdgZj/XYEn4n\nvuXZ+2IixkJuCtqU6T6elWZL80O0z8uqjECOOIlCmBSFmJEZEE4oMy8likNbG5WO\nFOhx38Ge351VD4LZJs99oY2woRMcfZW5NxxH/7UKZ7QTFb4rhaehO07c/IIf1Kgi\nPKhLR2CzohQSxDAbrY5m9w9IamGqwuZLl29z/LUulkM6vu4vyYXdmhf4hNC8KeME\nPm+WZ0KDQBdzad0hk7CMyEHBcQK7pE26MvIX5P75Dj28DMpwwDj991U30CNwNkzc\nPxBIrkaf97N5fUBwCdNVl6itfaDyJQIDAQABAoICAFoTaiiOMU97iE6Wqq0SGLWE\nIPLD/MLaSd1S9xMSGTQJdsC7sgkngxn9oM7G9j6wGg8MDWWOrN8ZcHH253IJNSEs\n6uEt1eHPvPCWrwk7fk7RFkYVh+SgXl13xbtfVbu7fWNQaKKNR9aDp17E523sV+xs\nbp4r8bmMx4RbUudi9JN+stqhMsLbGxmp3X+q49hEQrYf2IIBPckpP3seI8Qdrc17\nIDpb6ZQOeq89H64HwQ5agoSryCWMfc3AOU23SFYIv4wNb6s+hz40tdiX+M8bqXc2\nMC/cgeQ2y9bfBmN4KRMFu8HMRvKOHCqcOUdu8CIpNXeJjXHK2gJV8YoHpU52HQrQ\nQZDUoLyCoE7GR/LDjHlLraQMoGUpPdYQPfO4C0kGrpWysxsccbtC7d+a1Lt5OHc6\niLxQd8+50Jeg84raPBb9FxsoysYuMNf6vZbdhBJFXujLMkMTH2Svx3jtXLqWgovT\n7GqjZjtYehafhAjus1gKqzYeBLI/zzGFTglIs1KYKAZXPtWzekFlRH4DX+oe39zV\n2wYh5C+60RpsJ2elByZdQL7cNeYwaPJI3EQGGwqeTOAWZwwgOIcrokbz7Gv+4NlJ\nxl4fXpd1ZekwHx6p3e4Zf3mw0kgIvSm4EvSxim5YCBueP9GgM7gZLGM3Nn0qstkg\nsxkGDKz+9qM3WUF3evSxAoIBAQDZb9u2UObLEOKPMQUxH1cHu+GaZknKnlbG95bO\nDL/cPx6ukwxpP/GncUGk7gpfqe+DWuLreUCK9DC59cunANu/rHd9xggceoCR20bt\nBfp31t+l78VGFhqIKFID4xR2LY5k5KtECcXL7McgUjRgEcAskOACcz9Bowg5s/OB\nif0Ke62EXjr9plGbO2ZwbuAkcE98mmZppYNYZwkXW8Deyt3E/BoqOECc9lB9Wv91\nFYj//D/CsPapEgFXWRuKcQRu6rQyKE6J6nO4DHKLJhkDpmSSZNjCpjVTp/2hNnWl\npf+r/YS5SK22nQFsBd0KXd2muztJyY7WOG2BnAv0g981X6uXAoIBAQDJdP8kieD4\nz1bx5uoWVV3jjDi66jAwDTPV3C4Pd03rTZE4IkBp9jio5cKgkc81Ox7ZHv8T87cx\ny9ui5yr7Jn5KC0B5I2rTUP16j+bhPppijmOTXm9z6loyZda6k77rsTGlA+LQTfVM\nLsraq/Gm/NvAoCoEtE+eCJ6Q5sGlvauAhkhuF/ulKZfpTSDkjGz0vYytmBi2efYp\nhCuk3BNPhfnd5TxIZ8VbxlPFCfj2kWG1kN7oaoVDJjuEywKgy5u18KLHxTwpX7Ts\nEwB12yt2UewacjirXLU44YuT/qlqYlPp8rpJNpk8qFsqDgkugre3forpe244dNP+\npYHeS3lrGPejAoIBAFuj5kDXpf2ttx7MdTi30bFDwRiWxcDsrPwce2WKQA5uV9sR\nxKhTN+DvPdBqNtsMvxJoarz9lHM76ZFmg5d2KCeHY7ERlneSNb/DYAgjfeWmHQpN\nnKImTLZX8AENYqFQH/Rr37bEO6XvvBjmLIbU1F60DIVb1ywtrxjKu/U7l/ckGwRv\nxoMC5t/6z/jQ8gzJfOayGDmsdUf73PwIQqhjbcZIzio/HRRKR7Adew74rY3d3W2L\nsdmd6gzLVG0rpsesiZeeH0PHGVBXhqsYunAsX7THZgfbjxwb8CxSzJCs/q2ZIqgI\ndpZBY8kIS5nD59gOjzVRCq9EhvqaLvu13IwdLy8CggEAePQZzCJMRJaYKRzvJwGS\nIXCrDu5UiEUk/h34Oajzy3cC3aUS74u5cQ6h0C47LkaUut91XtFRCEDRWflZQPlX\nkbU3vIObO8zAo7mKcWpY3xuGhZCJchselGu4hMT4OCJnICA5Kb/kqxzdBnV93Tir\n5/dBwxlPRB8AtRcW5R//vGbjTdZwbDWQ065PNWlqcXbs470R+V04gqysV4savQA/\niQ59JyvGvtdQrFjUdZXMCGs2qmxqHmryCUSqC0iz8ITN9wtgl6ayxZqTCC/S5HND\nQo2ZoKlE1SX126Fmrkzi/O+TESoKzvR158YNlTM+gpkjZhOJlbPvJFDSrFi8SaTv\n6QKCAQAZ1iDFHyXQ7+Z7PD4ruKtj7RO2VB8FzGYOWgt4vltzMDPXmxzL7/pvTOff\n3dTonkSIXKu3fnArb+JHMAhVakZLXi+d0PM+EhfUEazVHWeewfYRHn6WvSUWqs9d\nIyIpXwwUHnOpnExsPwDNzpcV8g8Zhk109f6zJHSvbIUw3Wa0w1GIQc++4QmZNPma\ndJiknzv2NkUdNbnZLDiDIf1nskYZk0rQx1u8S1w4WmFEr6FvXV+9ndnE/wJC7FPO\nw/iAkJt6prFwWMvdOQqT0ddFyYE8yNSmpe8BKyHXFIzD83fydz7qot4TWC5x0FkL\nEfJUlW4vG5tlDSWTJLobxeYxbfif\n-----END PRIVATE KEY-----\n'),
(10, 36, '-----BEGIN PUBLIC KEY-----\nMIICIjANBgkqhkiG9w0BAQEFAAOCAg8AMIICCgKCAgEAoLpLgw6p9gXmCekk8e3L\nOAcEM1mCMQ4mfrhitQAm1k7xPLyHbeNUU98QG6Dorcd4N2kddic/K7DQf4/gk61+\ntJTofjUV/vpFnetOJypI9rDIhTsL6Q9CGbp6UOlUY8+OrIBUb9rzTTzLqtYuJ0aZ\nkToA6GcEqM299ZqZ5r9/gDE1ji8nWbXstL5rC44UKk+EWfiDrwMD+HmI6kG650AY\nqy07RPh+VXY7o/ZvSpNxwsIGSoLoziGdL9LbWN1ubxlm7xRKKQbmN8FbUN/7kiW2\n2K6V5VQgPE2Jall/NMRA4GA476iMf9jEcw4RBoqooD9rQXAywsNjjvSVPawI72Vc\nTWNJxnmJ1LVXonUd4nj1A+2C4xm1F0+zjV980ZE5elqgEK9USjdbxFzahit6a9d4\nB3K3lI9w7BWFNcstRomVX7ZstdrM+pQ2JnRV0SKX9BZVZmciESQMCnayIpxWHpGB\nrnhHbDdyAAx7GJev1ZNtH79SI7El0/+boSWOKn8oww4aax+JznDbVpV8iNMux0dD\nxRe6hqhUdtR21+Nmfg3KROKA1078rzf1gBNFl543vqbapHVzxCj9TDqKlXxfIwKc\nDHPYq2Yr85yF8xjlqphaSkMRUNLfMLgVSnPnq4gPYqnvg6Ll4JhcMQPpnkN593kL\nUqJtRWDFRsoZ28XvZB0+JIMCAwEAAQ==\n-----END PUBLIC KEY-----\n', '-----BEGIN PRIVATE KEY-----\nMIIJQgIBADANBgkqhkiG9w0BAQEFAASCCSwwggkoAgEAAoICAQCgukuDDqn2BeYJ\n6STx7cs4BwQzWYIxDiZ+uGK1ACbWTvE8vIdt41RT3xAboOitx3g3aR12Jz8rsNB/\nj+CTrX60lOh+NRX++kWd604nKkj2sMiFOwvpD0IZunpQ6VRjz46sgFRv2vNNPMuq\n1i4nRpmROgDoZwSozb31mpnmv3+AMTWOLydZtey0vmsLjhQqT4RZ+IOvAwP4eYjq\nQbrnQBirLTtE+H5Vdjuj9m9Kk3HCwgZKgujOIZ0v0ttY3W5vGWbvFEopBuY3wVtQ\n3/uSJbbYrpXlVCA8TYlqWX80xEDgYDjvqIx/2MRzDhEGiqigP2tBcDLCw2OO9JU9\nrAjvZVxNY0nGeYnUtVeidR3iePUD7YLjGbUXT7ONX3zRkTl6WqAQr1RKN1vEXNqG\nK3pr13gHcreUj3DsFYU1yy1GiZVftmy12sz6lDYmdFXRIpf0FlVmZyIRJAwKdrIi\nnFYekYGueEdsN3IADHsYl6/Vk20fv1IjsSXT/5uhJY4qfyjDDhprH4nOcNtWlXyI\n0y7HR0PFF7qGqFR21HbX42Z+DcpE4oDXTvyvN/WAE0WXnje+ptqkdXPEKP1MOoqV\nfF8jApwMc9irZivznIXzGOWqmFpKQxFQ0t8wuBVKc+eriA9iqe+DouXgmFwxA+me\nQ3n3eQtSom1FYMVGyhnbxe9kHT4kgwIDAQABAoICAQCeCtFZiz/AdMhgEmqLoWFk\nNDIDNA56oglkLXaRuBZ4QKOhL1iTyycOWZaDNFPXHP6uraOUnL7W/UPnSthvHfgr\nJQj/oL+COyHdSJVOmZupRufFaewqPSCoH99KVETw6BTItl9QpaD73738vCIh6J/0\nV26xFytTuQsCyARxCvgaW0joCKHO6r5Yc6zabdiSSiJAPcdufa6X0xm4Du3zmekn\n2JAhH59J9bprXVTNpfIEqbh56AN3PUJM1i9tUD7Y68d1ayQI94nEZVKfUb8TVBZZ\nNkKaf4A7C5sFgf89KYUJnFQgBEIzLDjvUXOYVRu+ht22ONcRAAOTfBiLze/zRl3d\nAz3u5HL//nTgyFiROS3umgXYc98RcOmcYXm6UGoJAeww0okz/FAu9U0FZIlToI4w\nXRqsTDHLDrgTbOiQPyHJPGwoBRUGtRmyoRogPyA+vKEw96eB6hfT5WxxovsBs1fo\n+9RVbqX6+qgGZ3JZ/7w4NdYmjf1wz9tf7ZVLBT3t3WCfY0mk8p3alD7PHGlygf+v\nckfg+2B+spxw2kk8zD0yYBRhuICmHBisNtJF2kGMygFNj9jCNx31ExKqqtalxy73\nhBM2RJHNDlqTaOoS+u08YFPAlv1+ffJ8+pWU3KiIji7qbP0HvMZqQ6tiH8zV6wwr\ngmy5Ogwdgm2Q7+1Lr49QoQKCAQEA1c02n8ZoHsMlvyXGtGUN8VtJ40TMHTMh5kJ8\nAJgByaXUHzA1gpXKiwKwZhYOsokpkIirjo3MQzoE6xrARgSJs0G0W8Y5F2vfFyxC\nQbsx7yvoepRwhspsFdyGd8H6Kouq9bKKOKDcQWnLm2Pi8cn2gfLjwhkcamVp3z0j\n3MT05djOF7n6cdg/uSqjuixNvRAAZOSBDW4FgOn4gVO3MoZoq5h2k/MhEEIThzUa\nH0nBw7bBq3uO6cJYACOOfnS8TJW8GKah4jecPZ1WidQ8LTbqA+XD7l0WhsZE6mHP\nfNdRbb5tk/KzCVdLNXjuMXvRHgcSH0D1s6o+aUm+NLlK9gdCqQKCAQEAwHNomaWI\naACRWO8uCulwliEnMXeGyzPtSupPzd7TVu79wwmO1zDjbrAfXllLrmycUrjM3cb+\nWsM/ytXHhLtJDI/BmsAwIX22bwMVGzmtX3xCBbi1JWWqbxo+YnwMw5hEkNqOevAm\nsNAZSebVEz5u1r5PyKSX0CXjuErfvaVVE4SAGke4G5JV0UNBLUiOGqLNwZOw4ZUF\nTMzjfONGyHmRHK+QIrxViwcb28CLLNvcYKgulLZLgn45g3V9DO08NIxCDw3s2ayX\nHzCuyXmLci9FyIRdhVNCiEGbSGDosQc/ZLraLy1x1Pmy6Nnn63qae2SFWsVsVtL4\n4ASkrRkJWM/VSwKCAQBjVKQ8NwHIyQGQfQyEYy7HI5KAdEYgitEFGX5jCDxMYy7a\nDpvNv6oKS4WI6FaLvA4DiHusD1UHJr2CPTt3TERtc+lHeiCsMQHE0ls2DrJ0XAH2\ncWCWPxVYUsxmd0iy25Dh9cEh7hpmibB+0Tlu/FX6qc4HL4N0Kwm1HcK7nwXog4G8\npDsnCUER1i2bIVo8rGKCfWc3xhXofstlym8imi+nCX6N3jdORmSsPI+WWb4cH5x6\n/zy2fgREjEB3n+Sb8DUjfsdXQl7kgWTjRCdxGkI+7VDKPZVpqFP8UNUFO0QpqH9g\nbTGg9V2LylNfyhatzLsuqg99GWtFn20vMacSBu2BAoIBAAdWnz90m23zz5cHj8bk\nveFLpFXzi9VFxp+bra1Y+NAQzuZX//VerN10o82SNBuTkqZo2479XoeReGZAnpoG\nFjP/a09+UpeEVqeHA5AFNAI3F8FmGKozZTtVUdmph0cSEFNBsjsn2yHU3ZH+1lMk\nh09y9FHfTNaoCzXkzQFLQ6I55DScVX3fp5wSJ3MVmC2V1aiy/ASuDQSvr2D8vZ85\nW3ovi5x3d/+UJtDLV8M/IvkgkJ4lEV4JeCH2Ie2TQj9ytbYjPsvSE/Uhgxi1pMaW\n3N9XhMVntlrBva0V3OmbMCSkJ1uzLOsFFnhgjsJg63EXFSqv6oCpDMpmAu2CzeNw\nEV8CggEALYMWz5pgHyJp0gkjz8ykl1fkLdf//HTaW6znqwlomgpN12wrhNInCZH4\nghL7/Wahj/AWSnw81mgLPVhN3qLDmwCsWzSX7gDgN9wLN36wgyZ1d++ArleT6WmK\n+eP+9Tjua1H/aKUsP4FUcSbZuY5V0wS0pqSofGgp8mo2xS83tCJWcxSgv7bQatr/\n+jDVCwxMYWo90yUSqzJqCOVTgjKDPtuRHFyTG2akN8MkMFwWbZZ2BRjaHTlpedYa\n9ne/B2LkXPONSVAdcjx+ZQPipJP8ffYwQuf+88tnb7T4Bs5MW7xCdClO9Zm7H14t\n6MzSZMM9sJg5sf1+YI4G3T5/jFFG7w==\n-----END PRIVATE KEY-----\n'),
(11, 37, '-----BEGIN PUBLIC KEY-----\nMIICIjANBgkqhkiG9w0BAQEFAAOCAg8AMIICCgKCAgEAuhB4uaBTESyCAqe4i3z4\nOP2oV+7YokVDAOXCYMknK2cugnJZWyTjeKRPyoN6aAeL/Ey+j3BxNnOndGD6zBV3\nxWmyzsT47725NoueDylkmcqhiPrOVndA0333Vdf3mgeYoPKtyD46E0wNWGFNXOt+\nmOBSs4z3Ys12CqTv+c2XGdyULSiX4bH/h5ayjiVY9Ugx5mjQ+fRPRIdT+DDlH0qg\nNLu6+TYrPc8iB00wUyn2EOryoQwG78xyluxKlqwxHjoC7hBW6ZQmdEsDrz9fIynD\nFrzZg1dgYwZ0KINVyyi3OnvDuWVNDaba+GJkquEv1XflhXLbTGKvv36+bjWdicpa\n+HqM5iGODkYtOszwXwPIhItmlvruXLrN92bjk/naVC4aMaKUoVpdK0nYG0PL3N4a\nkyFwTIzAULkyCqrC+QBn2mxjeYt1MJwjpaVNuS3c5eKt40NyizaoAmdpHv0P/rH9\n4nRVLMsskzSDdT1HdUWBjZ5CkMuq/lZZKjc/hiqdkuZdriObwgQj4Q8YejLERotr\nHOXoai26Vo+HEt+rBjHWfNwKwJUh+954f5ms2zdyccafN7+CADYlONEIr2cL6EsD\nmYNNlLrunk2nCy7nmQLNc97JFDZBuiLcYNE+QCktQR8HdkWa8Jb09YsheBbEQQcv\nupMXfri7RpV9Xlm0reiy5CUCAwEAAQ==\n-----END PUBLIC KEY-----\n', '-----BEGIN PRIVATE KEY-----\nMIIJRAIBADANBgkqhkiG9w0BAQEFAASCCS4wggkqAgEAAoICAQC6EHi5oFMRLIIC\np7iLfPg4/ahX7tiiRUMA5cJgyScrZy6CcllbJON4pE/Kg3poB4v8TL6PcHE2c6d0\nYPrMFXfFabLOxPjvvbk2i54PKWSZyqGI+s5Wd0DTffdV1/eaB5ig8q3IPjoTTA1Y\nYU1c636Y4FKzjPdizXYKpO/5zZcZ3JQtKJfhsf+HlrKOJVj1SDHmaND59E9Eh1P4\nMOUfSqA0u7r5Nis9zyIHTTBTKfYQ6vKhDAbvzHKW7EqWrDEeOgLuEFbplCZ0SwOv\nP18jKcMWvNmDV2BjBnQog1XLKLc6e8O5ZU0Nptr4YmSq4S/Vd+WFcttMYq+/fr5u\nNZ2Jylr4eozmIY4ORi06zPBfA8iEi2aW+u5cus33ZuOT+dpULhoxopShWl0rSdgb\nQ8vc3hqTIXBMjMBQuTIKqsL5AGfabGN5i3UwnCOlpU25Ldzl4q3jQ3KLNqgCZ2ke\n/Q/+sf3idFUsyyyTNIN1PUd1RYGNnkKQy6r+VlkqNz+GKp2S5l2uI5vCBCPhDxh6\nMsRGi2sc5ehqLbpWj4cS36sGMdZ83ArAlSH73nh/mazbN3Jxxp83v4IANiU40Qiv\nZwvoSwOZg02Uuu6eTacLLueZAs1z3skUNkG6Itxg0T5AKS1BHwd2RZrwlvT1iyF4\nFsRBBy+6kxd+uLtGlX1eWbSt6LLkJQIDAQABAoICAQCltJGvz6bq/pZywuhJ4ew2\n5UENvvtT2RdJL1YjWEH4F5aGOkx2La4f/UXKd7mF+GKlObvkhyFseyfBL7VsGBpo\nyC+kkiuZZ4ARodoMarLbfGjMU4F75AzpzZ9+5i3vEaDOhhJa6YBTO0IPWejKPjiq\n8ez1Vy/i4FSmOio2cPCG6blVVnedWybVnFI84eoN2FQIfYTPdtM5lsQjn3gOnCl9\njUuBMsrj6xrFIetNxWsNuhCHeOycl5nd62aqNYQxBT0iw46Dy5tLqpsHcgrKiCDk\nmR+mJyUCS/cbNYwsuIAmJ58x95Pd+qG83/QDczVkibjxVk8UAje+9aOnBzzcQEku\nyT2xh6k5RwwjScSJqzQKZH1EEUXlei+K/KWb5cIyg3dtE9uwpTac/8ftP6ptWXVh\n9sP0fBJuapFcd7wuiRn38Bh+cOpJmobKcY3nCmsSXNnR3dDaH3l+/Id/1V4asvp7\npIXj19QxQns1yhrI4YEyqqliuTXVVhiiht9zwOx7QcnJLLxEgmt6yvg1ezAcHDGG\nSln5WVSGjktrzJbQnE/BB8ofJpNONPohPfdNsKfoSTzzo2vTN93AWNGHZplOOa0H\ncjASh6X48qaC5n/YZWl9LqSMq/P7xW67phqc51Tk9Ezp5uty2CuHOzKIyZ2VvQ+r\ngs7h9TXQ6iY6fgye0Ug1aQKCAQEA3WB+XgEeefkZsRcxQmIOOt5KB2iiVEUkZCZo\nN/Z2IcnB2yrvFFB6hoFKNJAlChBsZuNJAot9xE+0ADlEJ+tIdZ0pc/08J5z4FzO7\nFWjC9KjA7JgyNSQmToY74GDxUTO4hPXD4k0LTB8GWxfxkafqWr23D4DOH+J+eXbo\nsoPiHv0Mb8xbdahVC2hqTLjB1N3JM7Gs5gt1tn7itfQfKNw0kFM8Y/QQI2KKZvxB\nXjnHMxBWOksg1DVealFzHPzOUS237fiT+vZ+e9B2zYzN6HxH2Y4W4Noyc+Fr2yyl\nVebhhdpwz5eXs34h1C+/kH8jMR3TxeIpIGXwqr4xJeDKia5vPwKCAQEA1yohQ6gp\nXl59LHs0TPn6TtmC7uZKH9fmmSddey0+8pgjcjavA+JGm8ozuPoz3j0RXiCBLzU+\nM5SKtzy82VySww96zCfhNJDm8QZC3k+SA0q62JmOZqtZriuCx8cUQDIYLzXT7F+F\nkAlOV3EFao7NFOKy09ssqQmsVMw1f7+rS4SMuccYvC+b85qV8OFn8FhZbMoLQmlb\n3+1TwHiogqxYEftUksk2UeEB9hAEnZJrbcnKmM4aYI4w4lfl350YDO1XjASerXUm\n+95K2NaDUqlfxqjG7RCLuKdjS24hPg9liCrGVjUzakzsuJgshx6HxE8KoBLP8OGY\nIULcy4MgkRE3mwKCAQBYL8dHNVTpq/SzGhUSZ7NZehGtb94yibScfLxJhtG6Vf/2\nidzhj8mvaTOhSsamgrJcLjB4Zg78s+91o1pmOJEN4USRIxDiiuI9g+sD9U6sXck0\nttBRYQwtfcW+dX/MJDleJfUZYi2c7kL+6MPfjS+LZEXXVC1IgFZ3lonOC0F5rL5W\njubkMOFoAPlPhM4aORucjyvcHDaRM2ympRAAm/AIik/lVWVUYz3VFqoHmiajTd+7\nqw/x2Sy6V6XupzqdFgRONRbmA2mRcxLQgUXJVjDdFoBApEsy5Fqt3dQjKy0twD3u\nRGo3I4jgWQEL08m2GDazfot5j4JW0hsMBsdIH4fLAoIBAQC6NE+NSZ5jeMpDEGx2\noW8phbt2G/3SCPobWKHh04pCT799PC3B4rTQZfDVCFKS5a5+Ews5W450/Pv/D6Uv\nRpoMDP1saKbQ4wW5WH3N/naSOr3wbRN7bpax0B3h3jt8Qt4DHUZFrXTc7fDKY5kY\nWnTIulegWHER6LkmuYMjBzCqrg9LRy30zg7chs90It3cddkN+Nw9oQhNhgmQ69qJ\nG7Ur+qF6Vn+X5G3aEIquAuTNonCeRN826FcNypu5JS6HIW8+UVExM82E8x87AImt\no76rIazlxAfmyZV41doW5yQq7zmtqWTRfbjvF2KRnK5KCU1csmsaP2F0h3Sk+tnY\nMVo5AoIBAQCa4of7dxtmyaTZ0b1KQ9z9ZIDlZP5erUPZyLuwWJRhzxVDCd5MG+jD\njookweUFq7xiWKWmZMUD4wCcUq8mEwEZCTvjbxJpEGlh5Pj93kMvQNaylSQVVqRy\nacowqISz6QhNGq1j2rNNLci078aes5+GvBwxHOvBK2OrmurVzOcSTJT5t8FSM3Cw\n/5JLcrmFX36AF6oOW2CNs9xq/C0JaI8nLgeDbaIxSrkzL15A4rQV8tAreDvfWza7\nA7Juqr+xo9ELl4/Fcj8CHVP+Md8dWRwbEUE1iYR34nOrGhX0qgWyCJKDELHIjCu8\neUmmUAJh73UCMEZhkHplMOFA6Ot8R9eu\n-----END PRIVATE KEY-----\n');

-- --------------------------------------------------------

--
-- Структура таблицы `UserData`
--

CREATE TABLE `UserData` (
  `id` int NOT NULL,
  `user_id` int NOT NULL,
  `data_string` longtext NOT NULL
) ENGINE=InnoDB DEFAULT CHARSET=utf8mb4 COLLATE=utf8mb4_0900_ai_ci;

--
-- Дамп данных таблицы `UserData`
--

INSERT INTO `UserData` (`id`, `user_id`, `data_string`) VALUES
(1, 9, 'fuNdhulxhJL47jFGdVBQKQ=='),
(2, 9, 'PPKjcoQtPnraV4X0Tqdg3xeikSnEBCmzDyQtP5K3GwoltnX8x4YmE+StRKpbr+IIF6a42wscBploxQDSOKIauULiLJGdDzLnZw5BrMDFVv8seiztgZslxGn6dqKsk8jkAO52oBa+JN5NoAw+EsSAL4BapJ6lpQkd4EiSGMM81ZGonpGNHIwNTsne4tBL+dwT4Hqopl3HcNZjT/woGEC9uyQKkaE8/FyB4gYeibT1lC8Aef2GSaBNbn1Y5QBZGPMKL5dJ0EI9sdor8DWpudIr7rrWmufhobvvz5IuWszCBgBKsMU0DDcAflE1ml2uTvxQhQIqjDZ6xv4BwdyvejLL9CA5/ziJjmf49BDYil/v5ZsjXClyKT+bJchaO3POA/H88uBkzcydM82FZ/7Sf0ChnvIaNhe/UoIAiA/LiEl11kesVdP5Bpo6QluEdjvU4uNiSQp3XfbWMeOTNydRJykPsJ+tqYuJl/BDO8La/a6y9UwrO253FeuLenxR060vAs2pbo09fKrKcTia/Cq7dVXYDq8zkKl6sJeVC0sP3Pf87o3QHOzVgUiYwvSUwkhb/oNnEYMzx5Uimhn2k3qPQt5T6tVUecKCpMnvNE/IrddoDMyCGfloydl4lfX89+hrwQhrUW97XYyRGVk0SnWfelrACQ8Z6xbewdfLI5+NbU4QmOo='),
(3, 9, 'PPKjcoQtPnraV4X0Tqdg3xeikSnEBCmzDyQtP5K3GwoltnX8x4YmE+StRKpbr+IIF6a42wscBploxQDSOKIauULiLJGdDzLnZw5BrMDFVv8seiztgZslxGn6dqKsk8jkAO52oBa+JN5NoAw+EsSAL4BapJ6lpQkd4EiSGMM81ZGonpGNHIwNTsne4tBL+dwT4Hqopl3HcNZjT/woGEC9uyQKkaE8/FyB4gYeibT1lC8Aef2GSaBNbn1Y5QBZGPMKL5dJ0EI9sdor8DWpudIr7rrWmufhobvvz5IuWszCBgBKsMU0DDcAflE1ml2uTvxQhQIqjDZ6xv4BwdyvejLL9CA5/ziJjmf49BDYil/v5ZsjXClyKT+bJchaO3POA/H88uBkzcydM82FZ/7Sf0ChnvIaNhe/UoIAiA/LiEl11kesVdP5Bpo6QluEdjvU4uNiSQp3XfbWMeOTNydRJykPsJ+tqYuJl/BDO8La/a6y9UwrO253FeuLenxR060vAs2pbo09fKrKcTia/Cq7dVXYDq8zkKl6sJeVC0sP3Pf87o3QHOzVgUiYwvSUwkhb/oNnEYMzx5Uimhn2k3qPQt5T6tVUecKCpMnvNE/IrddoDMyCGfloydl4lfX89+hrwQhrUW97XYyRGVk0SnWfelrACQ8Z6xbewdfLI5+NbU4QmOo='),
(4, 36, 'H3QtWJSUEQJ6ddtqX6pIAw=='),
(5, 36, 'MwEHnsFV9qooSFb5nxFYAleTCNBzbNHxO/tDiHhJzZZHppyACHUc0XyfX2Fp2ijuM3d0Usd1g/dazDg6ksH/pQz92omcPqzE37opZfO9X2J1eiWxNNjdMhY+NbLlB8yrs47d6U6k651jNAdZw33wsRZ2GymsuchpixihF2ek14XTSQfw8RVeU2BGc1tRv7X1LIAJOjn8tcK3CXa0tQaheeR0atDRxc4ADExpAfGIvBZk/1kwIR+84aTkXzCbgjkZSb5AZEKwk056I55ytfQWDeP3bdP6qjR7peZM0jVI5bQaKbRAhfJsnedG+mzR/4iexLcLuyQzaUIWnV3QTawWRkjzuXfp/IzciwSXf29sCnMu1xWaI+aNAAmNO9l90Q0p6v0wz8SzCiVfsKiG4u0hV4kBakjHc5zirs/2gcH/2+2/2/jHkHF9Gqlqr40CGzXTvm2odzjhNkFcgi6Jj9xYc4PlKlvoc//ozv0YLilOz8cT26JCw6BaIxjyh9huoxz6cyXIHal9SiuFPO4eiYlrxZwNbmyktU/bH6VGQ+AnzGgM+hNobc5sCYdd4mnfek1tQbBY6yH3P0tdyhoraUPUd7tABU7U9XEZ51OZgHD4FwiXS118uUaBoDDtPK7ZVlwPnNbD0MCXyCypZATFP5C/2+tzl3Rm4i84EUokFBwp6SQ='),
(6, 9, '+KVQJ7aU4ERDu5njWH4FI2ZbZ4ONKlIBpoTaDDOtzQQ='),
(7, 9, ''),
(8, 9, '+KVQJ7aU4ERDu5njWH4FI2ZbZ4ONKlIBpoTaDDOtzQQ='),
(9, 9, '+KVQJ7aU4ERDu5njWH4FI2ZbZ4ONKlIBpoTaDDOtzQQ='),
(10, 9, '+KVQJ7aU4ERDu5njWH4FI2ZbZ4ONKlIBpoTaDDOtzQQ='),
(11, 9, '+KVQJ7aU4ERDu5njWH4FI2ZbZ4ONKlIBpoTaDDOtzQQ='),
(12, 9, '+KVQJ7aU4ERDu5njWH4FI2ZbZ4ONKlIBpoTaDDOtzQQ='),
(13, 37, 'FPfmdIRLeAaXPAmUdav/vg==');

-- --------------------------------------------------------

--
-- Структура таблицы `Users`
--

CREATE TABLE `Users` (
  `id` int NOT NULL,
  `login` varchar(25) NOT NULL,
  `password_hash` longtext NOT NULL
) ENGINE=InnoDB DEFAULT CHARSET=utf8mb4 COLLATE=utf8mb4_0900_ai_ci;

--
-- Дамп данных таблицы `Users`
--

INSERT INTO `Users` (`id`, `login`, `password_hash`) VALUES
(9, 'N1ceK1d', '$2y$10$fTpcEQlX0vgzbviXtSl4BuxOyBxT08SDAIewIlOeqBfePsZJPPRCK'),
(36, 'Od1n', '$2y$10$0yteinglqPAwjbXwK7rh5.ix/JgDp9cBJt5/ds.jT45qXnXkYmifa'),
(37, 'Test', '$2y$10$dR2jX5Pq74AaDfi5JKOADeJBjOPUGalWxWWreV8YWgpZfv6qBvvFi');

--
-- Индексы сохранённых таблиц
--

--
-- Индексы таблицы `Admins`
--
ALTER TABLE `Admins`
  ADD PRIMARY KEY (`id`);

--
-- Индексы таблицы `AES_data`
--
ALTER TABLE `AES_data`
  ADD PRIMARY KEY (`id`),
  ADD KEY `user_id` (`user_id`);

--
-- Индексы таблицы `RSA_keys`
--
ALTER TABLE `RSA_keys`
  ADD PRIMARY KEY (`id`);

--
-- Индексы таблицы `UserData`
--
ALTER TABLE `UserData`
  ADD PRIMARY KEY (`id`),
  ADD KEY `user_id` (`user_id`);

--
-- Индексы таблицы `Users`
--
ALTER TABLE `Users`
  ADD PRIMARY KEY (`id`);

--
-- AUTO_INCREMENT для сохранённых таблиц
--

--
-- AUTO_INCREMENT для таблицы `Admins`
--
ALTER TABLE `Admins`
  MODIFY `id` int NOT NULL AUTO_INCREMENT;

--
-- AUTO_INCREMENT для таблицы `AES_data`
--
ALTER TABLE `AES_data`
  MODIFY `id` int NOT NULL AUTO_INCREMENT, AUTO_INCREMENT=34;

--
-- AUTO_INCREMENT для таблицы `RSA_keys`
--
ALTER TABLE `RSA_keys`
  MODIFY `id` int NOT NULL AUTO_INCREMENT, AUTO_INCREMENT=12;

--
-- AUTO_INCREMENT для таблицы `UserData`
--
ALTER TABLE `UserData`
  MODIFY `id` int NOT NULL AUTO_INCREMENT, AUTO_INCREMENT=14;

--
-- AUTO_INCREMENT для таблицы `Users`
--
ALTER TABLE `Users`
  MODIFY `id` int NOT NULL AUTO_INCREMENT, AUTO_INCREMENT=38;

--
-- Ограничения внешнего ключа сохраненных таблиц
--

--
-- Ограничения внешнего ключа таблицы `AES_data`
--
ALTER TABLE `AES_data`
  ADD CONSTRAINT `aes_data_ibfk_1` FOREIGN KEY (`user_id`) REFERENCES `Users` (`id`);

--
-- Ограничения внешнего ключа таблицы `UserData`
--
ALTER TABLE `UserData`
  ADD CONSTRAINT `userdata_ibfk_1` FOREIGN KEY (`user_id`) REFERENCES `Users` (`id`);
COMMIT;

/*!40101 SET CHARACTER_SET_CLIENT=@OLD_CHARACTER_SET_CLIENT */;
/*!40101 SET CHARACTER_SET_RESULTS=@OLD_CHARACTER_SET_RESULTS */;
/*!40101 SET COLLATION_CONNECTION=@OLD_COLLATION_CONNECTION */;
